"Tanggal","ID.Prasarana","Prasarana","Penumpang.Berangkat","Penumpang.Berangkat.Domestik","Penumpang.Berangkat.Internasional","Penumpang.Tiba","Penumpang.Tiba.Domestik","Penumpang.Tiba.Internasional","Pesawat.Tiba.Domestik","Pesawat.Tiba.Internasional","Pesawat.Berangkat.Domestik","Pesawat.Berangkat.Internasional"
"2023-01-01","BPN","Sepinggan",4521,4521,0,5772,5772,0,47,1,44,1
"2023-01-02","BPN","Sepinggan",5283,5283,0,6737,6737,0,57,0,59,1
"2023-01-03","BPN","Sepinggan",5352,5352,0,7307,7307,0,66,1,65,2
"2023-01-04","BPN","Sepinggan",5989,5989,0,7137,7137,0,65,1,67,2
"2023-01-05","BPN","Sepinggan",5884,5884,0,7443,7443,0,57,1,59,2
"2023-01-06","BPN","Sepinggan",6299,6299,0,6943,6943,0,64,1,61,2
"2023-01-07","BPN","Sepinggan",6002,6002,0,6801,6801,0,60,1,59,1
"2023-01-08","BPN","Sepinggan",6354,6354,0,7200,7200,0,69,1,70,1
"2023-01-09","BPN","Sepinggan",5380,5380,0,7035,7035,0,60,0,59,2
"2023-01-10","BPN","Sepinggan",5660,5660,0,7112,7112,0,64,1,63,3
"2023-01-11","BPN","Sepinggan",5878,5878,0,7078,7078,0,67,1,66,2
"2023-01-12","BPN","Sepinggan",5630,5628,2,6642,6640,2,65,2,63,3
"2023-01-13","BPN","Sepinggan",6313,6313,0,6126,6126,0,68,1,65,2
"2023-01-14","BPN","Sepinggan",6148,6146,2,6592,6592,0,63,1,60,2
"2023-01-15","BPN","Sepinggan",6292,6292,0,6752,6752,0,62,1,64,1
"2023-01-16","BPN","Sepinggan",5512,5512,0,6621,6621,0,59,1,59,3
"2023-01-17","BPN","Sepinggan",5188,5188,0,6330,6330,0,65,2,65,2
"2023-01-18","BPN","Sepinggan",5894,5888,6,6344,6344,0,63,1,58,3
"2023-01-19","BPN","Sepinggan",6453,6453,0,6580,6580,0,68,1,67,2
"2023-01-20","BPN","Sepinggan",7702,7702,0,6803,6803,0,72,1,71,2
"2023-01-21","BPN","Sepinggan",6865,6865,0,6747,6747,0,65,1,63,3
"2023-01-22","BPN","Sepinggan",5755,5755,0,5922,5922,0,55,1,58,0
"2023-01-23","BPN","Sepinggan",5831,5831,0,7154,7154,0,65,0,65,1
"2023-01-24","BPN","Sepinggan",5437,5437,0,6532,6532,0,61,2,60,4
"2023-01-25","BPN","Sepinggan",6355,6355,0,6184,6184,0,63,1,61,2
"2023-01-26","BPN","Sepinggan",6175,6175,0,5996,5996,0,67,2,65,3
"2023-01-27","BPN","Sepinggan",6493,6313,180,5668,5621,47,67,2,63,2
"2023-01-28","BPN","Sepinggan",6374,6162,212,6222,6222,0,61,1,61,3
"2023-01-29","BPN","Sepinggan",5764,5764,0,6791,6791,0,57,1,59,0
"2023-01-30","BPN","Sepinggan",5300,5300,0,6963,6963,0,67,0,62,2
"2023-01-31","BPN","Sepinggan",5790,5790,0,6394,6394,0,64,2,65,1
"2023-02-01","BPN","Sepinggan",6126,5947,179,6532,6436,96,69,3,66,3
"2023-02-02","BPN","Sepinggan",6204,6197,7,5917,5917,0,79,2,67,4
"2023-02-03","BPN","Sepinggan",6403,6234,169,5615,5497,118,66,2,64,1
"2023-02-04","BPN","Sepinggan",6010,5853,157,6072,6072,0,58,2,57,5
"2023-02-05","BPN","Sepinggan",6303,6303,0,6783,6571,212,61,2,63,0
"2023-02-06","BPN","Sepinggan",5823,5698,125,6501,6458,43,57,1,57,2
"2023-02-07","BPN","Sepinggan",4358,4358,0,4514,4514,0,66,2,64,4
"2023-02-08","BPN","Sepinggan",6570,6431,139,6882,6743,139,68,2,66,3
"2023-02-09","BPN","Sepinggan",6790,6790,0,6069,6069,0,63,1,62,3
"2023-02-10","BPN","Sepinggan",7166,7033,133,5832,5719,113,65,2,64,2
"2023-02-11","BPN","Sepinggan",7166,7033,133,5832,5719,113,65,2,64,2
"2023-02-12","BPN","Sepinggan",6792,6792,0,6767,6609,158,60,2,62,1
"2023-02-13","BPN","Sepinggan",6057,5943,114,6695,6647,48,58,1,59,2
"2023-02-14","BPN","Sepinggan",5962,5962,0,6552,6552,0,63,2,62,3
"2023-02-15","BPN","Sepinggan",7170,7024,146,7160,7049,111,67,2,64,3
"2023-02-16","BPN","Sepinggan",7140,7140,0,6597,6597,0,62,1,63,2
"2023-02-17","BPN","Sepinggan",7705,7533,172,6518,6346,172,63,2,59,3
"2023-02-18","BPN","Sepinggan",7315,7315,0,6685,6685,0,64,1,65,2
"2023-02-19","BPN","Sepinggan",6951,6951,0,7716,7716,0,62,1,64,0
"2023-02-20","BPN","Sepinggan",6230,6116,114,7678,7570,108,65,1,62,2
"2023-02-21","BPN","Sepinggan",6725,6725,0,8015,8015,0,73,2,73,2
"2023-02-22","BPN","Sepinggan",7459,7341,118,7848,7711,137,77,2,69,3
"2023-02-23","BPN","Sepinggan",7299,7299,0,6948,6948,0,72,2,70,1
"2023-02-24","BPN","Sepinggan",7718,7579,139,6699,6559,140,65,2,66,3
"2023-02-25","BPN","Sepinggan",8149,7937,212,7346,7346,0,68,2,67,2
"2023-02-26","BPN","Sepinggan",7459,7459,0,6892,6892,0,62,1,63,1
"2023-02-27","BPN","Sepinggan",7220,7130,90,6923,6837,86,60,1,61,2
"2023-02-28","BPN","Sepinggan",7080,7080,0,7002,7002,0,68,2,69,2
"2023-03-01","BPN","Sepinggan",7000,6900,100,6576,6493,83,61,3,58,3
"2023-03-02","BPN","Sepinggan",6561,6560,1,6044,6044,0,62,2,61,3
"2023-03-03","BPN","Sepinggan",7210,7096,114,6293,6159,134,59,2,57,2
"2023-03-04","BPN","Sepinggan",6619,6619,0,6636,6636,0,66,1,62,2
"2023-03-05","BPN","Sepinggan",6679,6679,0,6681,6468,213,59,3,61,1
"2023-03-06","BPN","Sepinggan",6231,6112,119,7169,7096,73,65,1,62,3
"2023-03-07","BPN","Sepinggan",6465,6465,0,6760,6756,4,65,3,68,2
"2023-03-08","BPN","Sepinggan",7095,6877,218,6973,6846,127,62,4,59,7
"2023-03-09","BPN","Sepinggan",6874,6874,0,6490,6490,0,59,2,58,2
"2023-03-10","BPN","Sepinggan",7455,7364,91,6610,6453,157,64,3,61,2
"2023-03-11","BPN","Sepinggan",7263,7052,211,6847,6847,0,60,2,59,4
"2023-03-12","BPN","Sepinggan",7144,7059,85,6965,6876,89,59,2,62,2
"2023-03-13","BPN","Sepinggan",7138,7010,128,7378,7319,59,61,1,60,2
"2023-03-14","BPN","Sepinggan",7062,7062,0,7093,7093,0,64,2,65,2
"2023-03-15","BPN","Sepinggan",7859,7691,168,7401,7310,91,72,3,68,5
"2023-03-16","BPN","Sepinggan",7575,7575,0,7256,7256,0,68,2,67,3
"2023-03-17","BPN","Sepinggan",7967,7807,160,7136,7018,118,70,2,68,3
"2023-03-18","BPN","Sepinggan",7228,7228,0,7216,7216,0,66,2,62,4
"2023-03-19","BPN","Sepinggan",6406,6335,71,6957,6655,302,58,3,62,1
"2023-03-20","BPN","Sepinggan",6359,6200,159,6961,6883,78,63,1,63,2
"2023-03-21","BPN","Sepinggan",6758,6758,0,6294,6294,0,68,2,68,3
"2023-03-22","BPN","Sepinggan",6404,6233,171,6206,6075,131,61,3,62,4
"2023-03-23","BPN","Sepinggan",4694,4694,0,4328,4328,0,50,0,50,0
"2023-03-24","BPN","Sepinggan",4133,3999,134,4036,3883,153,56,2,53,3
"2023-03-25","BPN","Sepinggan",4439,4439,0,4511,4511,0,47,2,47,4
"2023-03-26","BPN","Sepinggan",5278,5227,51,5552,5423,129,52,2,50,1
"2023-03-27","BPN","Sepinggan",5034,4924,110,5508,5436,72,53,1,56,1
"2023-03-28","BPN","Sepinggan",4731,4731,0,4640,4640,0,55,2,54,2
"2023-03-29","BPN","Sepinggan",5134,5028,106,4907,4833,74,57,3,56,5
"2023-03-30","BPN","Sepinggan",5500,5500,0,4720,4720,0,56,2,55,1
"2023-03-31","BPN","Sepinggan",5180,5121,59,4539,4460,79,54,2,57,1
"2023-04-01","BPN","Sepinggan",4917,4917,0,4498,4498,0,57,3,57,4
"2023-04-02","BPN","Sepinggan",4189,4128,61,4226,4168,58,48,2,48,1
"2023-04-03","BPN","Sepinggan",4151,4078,73,4468,4441,27,55,1,52,5
"2023-04-04","BPN","Sepinggan",4738,4738,0,4494,4494,0,54,2,52,2
"2023-04-05","BPN","Sepinggan",5515,5385,130,4896,4775,121,58,3,56,5
"2023-04-06","BPN","Sepinggan",6257,6257,0,4708,4708,0,60,2,62,1
"2023-04-07","BPN","Sepinggan",5134,5029,105,4363,4222,141,58,3,58,1
"2023-04-08","BPN","Sepinggan",4956,4956,0,4275,4275,0,59,2,56,1
"2023-04-09","BPN","Sepinggan",5453,5401,52,5432,5344,88,54,2,56,2
"2023-04-10","BPN","Sepinggan",5851,5719,132,5488,5372,116,60,3,62,3
"2023-04-11","BPN","Sepinggan",5516,5516,0,4809,4809,0,62,2,62,3
"2023-04-12","BPN","Sepinggan",6565,6390,175,5427,5296,131,58,3,57,4
"2023-04-13","BPN","Sepinggan",7383,7383,0,5239,5239,0,68,2,71,2
"2023-04-14","BPN","Sepinggan",9547,9415,132,6314,6226,88,76,3,72,2
"2023-04-15","BPN","Sepinggan",10906,10906,0,7272,7272,0,78,2,80,2
"2023-04-16","BPN","Sepinggan",10741,10573,168,6359,6296,63,77,2,78,2
"2023-04-17","BPN","Sepinggan",11050,10869,181,5371,5310,61,85,1,83,2
"2023-04-18","BPN","Sepinggan",12021,12021,0,6612,6612,0,91,2,92,2
"2023-04-19","BPN","Sepinggan",12388,12020,368,7655,7497,158,92,3,86,6
"2023-04-20","BPN","Sepinggan",11618,11616,2,6345,6338,7,81,2,83,2
"2023-04-21","BPN","Sepinggan",10021,9840,181,4271,4158,113,74,2,73,2
"2023-04-22","BPN","Sepinggan",5159,5159,0,2139,2139,0,36,0,34,1
"2023-04-23","BPN","Sepinggan",5808,5683,125,3904,3794,110,39,2,41,3
"2023-04-24","BPN","Sepinggan",7209,7035,174,5658,5538,120,56,2,58,1
"2023-04-25","BPN","Sepinggan",7411,7411,0,7303,7303,0,64,3,63,1
"2023-04-26","BPN","Sepinggan",7538,7269,269,8245,7893,352,65,4,63,5
"2023-04-27","BPN","Sepinggan",6954,6954,0,7631,7631,0,60,2,64,2
"2023-04-28","BPN","Sepinggan",7420,7282,138,8629,8457,172,72,3,70,2
"2023-04-29","BPN","Sepinggan",8118,8118,0,9968,9968,0,78,2,77,2
"2023-04-30","BPN","Sepinggan",8970,8862,108,10929,10749,180,73,2,74,2
"2023-05-01","BPN","Sepinggan",9472,9311,161,11004,10823,181,76,1,75,2
"2023-05-02","BPN","Sepinggan",7850,7850,0,9545,9545,0,67,1,69,1
"2023-05-03","BPN","Sepinggan",7657,7412,245,9824,9603,221,69,3,67,4
"2023-05-04","BPN","Sepinggan",7515,7515,0,9460,9460,0,70,1,70,2
"2023-05-05","BPN","Sepinggan",7646,7509,137,9679,9512,167,72,2,71,1
"2023-05-06","BPN","Sepinggan",7336,7336,0,9572,9572,0,71,2,71,2
"2023-05-07","BPN","Sepinggan",7525,7428,97,9732,9580,152,72,2,74,2
"2023-05-08","BPN","Sepinggan",6769,6611,158,9168,9085,83,72,1,69,2
"2023-05-09","BPN","Sepinggan",6509,6509,0,9261,9261,0,71,2,73,3
"2023-05-10","BPN","Sepinggan",7562,7304,258,9320,9110,210,74,3,70,5
"2023-05-11","BPN","Sepinggan",6471,6471,0,9551,9551,0,72,2,72,2
"2023-05-12","BPN","Sepinggan",6810,6810,0,9427,9252,175,74,2,72,2
"2023-05-13","BPN","Sepinggan",6686,6686,0,9069,9069,0,74,1,74,1
"2023-05-14","BPN","Sepinggan",6932,6778,154,9613,9472,141,69,2,69,3
"2023-05-15","BPN","Sepinggan",6952,6780,172,9246,9125,121,68,1,70,2
"2023-05-16","BPN","Sepinggan",6071,6071,0,9225,9225,0,76,2,74,2
"2023-05-17","BPN","Sepinggan",8257,7943,314,9702,9488,214,83,3,80,5
"2023-05-18","BPN","Sepinggan",7842,7842,0,9432,9432,0,78,2,79,2
"2023-05-19","BPN","Sepinggan",5854,5735,119,8476,8326,150,68,3,68,3
"2023-05-20","BPN","Sepinggan",5879,5879,0,8336,8336,0,70,1,66,1
"2023-05-21","BPN","Sepinggan",7127,7044,83,9131,8957,174,71,3,73,3
"2023-05-22","BPN","Sepinggan",6446,6327,119,9100,8942,158,70,1,68,1
"2023-05-23","BPN","Sepinggan",6292,6292,0,7658,7658,0,75,2,77,3
"2023-05-24","BPN","Sepinggan",6786,6579,207,8268,8088,180,78,3,75,5
"2023-05-25","BPN","Sepinggan",6979,6975,4,7935,7935,0,73,1,75,2
"2023-05-26","BPN","Sepinggan",7588,7207,381,7534,7376,158,71,2,71,1
"2023-05-27","BPN","Sepinggan",6390,6390,0,7133,7133,0,70,2,69,3
"2023-05-28","BPN","Sepinggan",7530,7152,378,8112,7993,119,72,3,72,4
"2023-05-29","BPN","Sepinggan",6593,6179,414,7668,7601,67,71,2,72,2
"2023-05-30","BPN","Sepinggan",7177,6763,414,7868,7801,67,68,2,68,2
"2023-05-31","BPN","Sepinggan",8949,8343,606,7536,7396,140,76,3,70,6
"2023-06-01","BPN","Sepinggan",8128,7757,371,8227,8225,2,72,3,76,4
"2023-06-02","BPN","Sepinggan",5582,5151,431,7393,7263,130,57,3,56,3
"2023-06-03","BPN","Sepinggan",5132,5132,0,6178,6178,0,64,2,62,1
"2023-06-04","BPN","Sepinggan",6595,6169,426,8260,8081,179,64,3,65,5
"2023-06-05","BPN","Sepinggan",6304,5900,404,9404,9270,134,67,2,66,3
"2023-06-06","BPN","Sepinggan",5984,5984,0,6796,6796,0,67,3,67,2
"2023-06-07","BPN","Sepinggan",6616,6096,520,7960,7796,164,74,3,72,5
"2023-06-08","BPN","Sepinggan",6899,6604,295,6443,6443,0,68,2,71,3
"2023-06-09","BPN","Sepinggan",6989,6854,135,6517,6398,119,71,2,67,2
"2023-06-10","BPN","Sepinggan",6830,6830,0,7387,7387,0,68,1,69,2
"2023-06-11","BPN","Sepinggan",7631,7172,459,7091,6977,114,68,3,68,3
"2023-06-12","BPN","Sepinggan",7022,6845,177,7200,7126,74,70,2,69,3
"2023-06-13","BPN","Sepinggan",7091,6811,280,6442,6442,0,71,2,71,3
"2023-06-14","BPN","Sepinggan",8598,7948,650,8126,7952,174,72,4,68,5
"2023-06-15","BPN","Sepinggan",9241,8670,571,7571,7571,0,64,2,71,2
"2023-06-16","BPN","Sepinggan",8803,8748,55,7380,7258,122,79,3,77,3
"2023-06-17","BPN","Sepinggan",9322,9322,0,7763,7763,0,81,3,80,1
"2023-06-18","BPN","Sepinggan",10038,9560,478,8141,8009,132,70,4,72,5
"2023-06-19","BPN","Sepinggan",9265,8785,480,7245,7196,49,64,2,61,1
"2023-06-20","BPN","Sepinggan",9051,9046,5,7489,7489,0,74,1,78,3
"2023-06-21","BPN","Sepinggan",9895,9237,658,7773,7572,201,75,5,72,5
"2023-06-22","BPN","Sepinggan",9556,9386,170,7455,7455,0,72,2,71,4
"2023-06-23","BPN","Sepinggan",9250,9072,178,8330,8192,138,77,2,74,2
"2023-06-24","BPN","Sepinggan",9446,9446,0,8415,8415,0,73,2,73,1
"2023-06-25","BPN","Sepinggan",9704,9522,182,9259,9084,175,72,3,73,2
"2023-06-26","BPN","Sepinggan",8872,8690,182,8538,8446,92,73,1,74,1
"2023-06-27","BPN","Sepinggan",3673,3673,0,7755,7752,3,73,2,74,2
"2023-06-28","BPN","Sepinggan",8940,8580,360,7682,7354,328,74,3,71,4
"2023-06-29","BPN","Sepinggan",5570,5570,0,4760,4760,0,51,1,51,1
"2023-06-30","BPN","Sepinggan",6883,6701,182,7007,6822,185,66,3,64,3
"2023-07-01","BPN","Sepinggan",6791,6785,6,6984,6981,3,67,2,66,4
"2023-07-02","BPN","Sepinggan",7998,7842,156,9187,9036,151,71,2,72,2
"2023-07-03","BPN","Sepinggan",7496,7323,173,8788,8627,161,71,1,68,2
"2023-07-04","BPN","Sepinggan",7273,7273,0,8828,8828,0,73,2,75,1
"2023-07-05","BPN","Sepinggan",8557,8204,353,10048,9687,361,77,3,73,6
"2023-07-06","BPN","Sepinggan",8148,8148,0,9713,9713,0,72,1,74,2
"2023-07-07","BPN","Sepinggan",7973,7797,176,9705,9524,181,75,2,72,2
"2023-07-08","BPN","Sepinggan",7397,7397,0,9686,9686,0,82,1,80,3
"2023-07-09","BPN","Sepinggan",7762,7597,165,10047,9572,475,72,3,74,3
"2023-07-10","BPN","Sepinggan",7674,7513,161,9874,9705,169,74,1,73,2
"2023-07-11","BPN","Sepinggan",7265,7265,0,10953,10953,0,77,2,77,4
"2023-07-12","BPN","Sepinggan",8403,8092,311,10690,9753,937,74,5,72,5
"2023-07-13","BPN","Sepinggan",7763,7763,0,10037,9740,297,74,2,74,3
"2023-07-14","BPN","Sepinggan",8054,7904,150,8959,8798,161,73,2,70,1
"2023-07-15","BPN","Sepinggan",7800,7800,0,9512,9213,299,74,2,73,3
"2023-07-16","BPN","Sepinggan",7758,7637,121,9445,8970,475,72,3,73,3
"2023-07-17","BPN","Sepinggan",6046,5884,162,7652,7610,42,65,2460,65,2
"2023-07-18","BPN","Sepinggan",6562,6562,0,7940,7940,0,71,2,73,3
"2023-07-19","BPN","Sepinggan",7811,7501,310,9125,8484,641,75,4,73,5
"2023-07-20","BPN","Sepinggan",7045,7045,0,7962,7663,299,64,2,65,2
"2023-07-21","BPN","Sepinggan",7294,7156,138,6768,6609,159,65,2,64,2
"2023-07-22","BPN","Sepinggan",7001,7001,0,8191,7895,296,71,2,68,2
"2023-07-23","BPN","Sepinggan",7560,7430,130,8748,8276,472,70,3,71,3
"2023-07-24","BPN","Sepinggan",7610,7448,162,7643,7216,427,63,2,63,2
"2023-07-25","BPN","Sepinggan",6927,6927,0,8076,8076,0,74,2,76,3
"2023-07-26","BPN","Sepinggan",7188,6844,344,7594,7079,515,64,4,60,6
"2023-07-27","BPN","Sepinggan",6824,6824,0,7225,6657,568,65,3,65,3
"2023-07-28","BPN","Sepinggan",7521,7384,137,6556,6419,137,68,2,68,3
"2023-07-29","BPN","Sepinggan",6204,6204,0,7228,6935,293,64,2,61,2
"2023-07-30","BPN","Sepinggan",5918,5809,109,7642,7226,416,59,3,59,3
"2023-07-31","BPN","Sepinggan",6013,5872,141,7292,6865,427,65,2,65,1
"2023-08-01","BPN","Sepinggan",6121,6121,0,6568,6568,0,66,1,66,2
"2023-08-02","BPN","Sepinggan",7177,6604,573,7141,6613,528,57,5,58,7
"2023-08-03","BPN","Sepinggan",6217,6217,0,6396,6232,164,62,2,61,2
"2023-08-04","BPN","Sepinggan",6922,6833,89,6015,5863,152,72,2,67,1
"2023-08-05","BPN","Sepinggan",6672,6461,211,6298,6298,0,62,2,60,3
"2023-08-06","BPN","Sepinggan",6539,6376,163,7381,7222,159,65,2,65,4
"2023-08-07","BPN","Sepinggan",6457,6296,161,7352,7250,102,66,1,69,3
"2023-08-08","BPN","Sepinggan",5438,5438,0,5583,5583,0,49,2,48,2
"2023-08-09","BPN","Sepinggan",7027,6724,303,6742,6550,192,63,4,60,4
"2023-08-10","BPN","Sepinggan",7257,7256,1,6540,6526,14,62,2,67,2
"2023-08-11","BPN","Sepinggan",7154,7035,119,6394,6274,120,75,2,71,2
"2023-08-12","BPN","Sepinggan",7083,6871,212,6204,6204,0,68,2,65,4
"2023-08-13","BPN","Sepinggan",7122,6943,179,7231,7089,142,58,2,60,2
"2023-08-14","BPN","Sepinggan",6481,6305,176,6809,6755,54,65,1,65,2
"2023-08-15","BPN","Sepinggan",5898,5898,0,5705,5705,0,57,1,57,2
"2023-08-16","BPN","Sepinggan",6762,6402,360,6162,5743,419,65,5,64,3
"2023-08-17","BPN","Sepinggan",6139,6139,0,4701,4701,0,54,1,56,2
"2023-08-18","BPN","Sepinggan",5795,5675,120,5212,5044,168,58,3,53,3
"2023-08-19","BPN","Sepinggan",6222,6030,192,5575,5575,0,57,1,54,3
"2023-08-20","BPN","Sepinggan",6758,6606,152,7198,7018,180,56,2,61,2
"2023-08-21","BPN","Sepinggan",6542,6362,180,7616,7496,120,62,1,61,2
"2023-08-22","BPN","Sepinggan",7400,7400,0,6643,6643,0,64,1,61,2
"2023-08-23","BPN","Sepinggan",7196,6900,296,7210,6774,436,59,4,58,3
"2023-08-24","BPN","Sepinggan",6663,6663,0,6333,6333,0,63,1,61,1
"2023-08-25","BPN","Sepinggan",6754,6645,109,6400,6228,172,65,2,63,3
"2023-08-26","BPN","Sepinggan",6897,6711,186,6414,6414,0,59,3,57,3
"2023-08-27","BPN","Sepinggan",6753,6594,159,7222,7045,177,58,2,61,3
"2023-08-28","BPN","Sepinggan",6066,5888,178,7106,7025,81,60,1,61,2
"2023-08-29","BPN","Sepinggan",5918,5918,0,6020,6020,0,62,1,66,1
"2023-08-30","BPN","Sepinggan",7205,6917,288,7375,6954,421,68,4,61,2
"2023-08-31","BPN","Sepinggan",6607,6607,0,6494,6494,0,61,1,63,2
"2023-09-01","BPN","Sepinggan",6803,6713,90,6751,6572,179,66,2,61,1
"2023-09-02","BPN","Sepinggan",6492,6293,199,6432,6429,3,61,2,61,3
"2023-09-03","BPN","Sepinggan",6590,6427,163,7182,7036,146,61,2,62,2
"2023-09-04","BPN","Sepinggan",6000,5820,180,6963,6850,113,66,1,63,3
"2023-09-05","BPN","Sepinggan",6053,6053,0,6344,6344,0,61,1,57,2
"2023-09-06","BPN","Sepinggan",6798,6487,311,8243,7842,401,67,5,64,4
"2023-09-07","BPN","Sepinggan",6446,6446,0,6099,6099,0,60,1,57,2
"2023-09-08","BPN","Sepinggan",6949,6773,176,6813,6649,164,67,2,67,3
"2023-09-09","BPN","Sepinggan",6078,5900,178,6294,6294,0,61,1,60,3
"2023-09-10","BPN","Sepinggan",6333,6224,109,7046,6932,114,60,2,62,2
"2023-09-11","BPN","Sepinggan",5989,5820,169,6978,6903,75,68,1,70,3
"2023-09-12","BPN","Sepinggan",5853,5853,0,6148,6148,0,63,1,61,2
"2023-09-13","BPN","Sepinggan",7407,7170,237,7331,6912,419,66,4,66,4
"2023-09-14","BPN","Sepinggan",6707,6707,0,5954,5954,0,59,1,60,2
"2023-09-15","BPN","Sepinggan",7335,7216,119,6622,6444,178,74,2,68,2
"2023-09-16","BPN","Sepinggan",6170,6011,159,6103,6103,0,59,1,59,2
"2023-09-17","BPN","Sepinggan",6706,6615,91,7596,7459,137,61,2,63,2
"2023-09-18","BPN","Sepinggan",6143,5994,149,7345,7256,89,66,1,68,1
"2023-09-19","BPN","Sepinggan",5777,5777,0,6464,6464,0,64,1,61,2
"2023-09-20","BPN","Sepinggan",7451,7194,257,7537,7176,361,66,4,66,4
"2023-09-21","BPN","Sepinggan",6617,6617,0,6392,6392,0,70,2,62,2
"2023-09-22","BPN","Sepinggan",6865,6760,105,6421,6245,176,68,2,67,2
"2023-09-23","BPN","Sepinggan",6817,6636,181,6345,6345,0,58,1,65,2
"2023-09-24","BPN","Sepinggan",7057,6889,168,6832,6700,132,58,2,60,2
"2023-09-25","BPN","Sepinggan",6580,6408,172,6800,6696,104,60,1,60,2
"2023-09-26","BPN","Sepinggan",6020,6020,0,5138,5138,0,57,2,56,3
"2023-09-27","BPN","Sepinggan",5468,5113,355,5086,4869,217,54,4,53,2
"2023-09-28","BPN","Sepinggan",6914,6914,0,6659,6659,0,58,1,58,1
"2023-09-29","BPN","Sepinggan",5778,5641,137,6324,6153,171,64,2,60,3
"2023-09-30","BPN","Sepinggan",5830,5821,9,6056,6056,0,59,1,55,3
"2023-10-01","BPN","Sepinggan",7837,7703,134,8195,8019,176,63,2,66,3
"2023-10-02","BPN","Sepinggan",6660,6482,178,7640,7516,124,68,1,68,3
"2023-10-03","BPN","Sepinggan",6012,6012,0,6291,6291,0,60,1,60,1
"2023-10-04","BPN","Sepinggan",7587,7301,286,8586,8346,240,67,3,67,5
"2023-10-05","BPN","Sepinggan",7284,7284,0,7085,6578,507,61,3,62,1
"2023-10-06","BPN","Sepinggan",7439,7300,139,6376,6231,145,16541,2,64,1
"2023-10-07","BPN","Sepinggan",6300,6300,0,6311,6311,0,62,1,59,3
"2023-10-08","BPN","Sepinggan",7104,6947,157,7744,7627,117,63,2,66,2
"2023-10-09","BPN","Sepinggan",6236,6085,151,7658,7534,124,61,1,61,2
"2023-10-10","BPN","Sepinggan",6628,6628,0,6610,6610,0,61,1,60,2
"2023-10-11","BPN","Sepinggan",7812,7514,298,7393,7191,202,71,3,68,4
"2023-10-12","BPN","Sepinggan",7709,7709,0,6668,6668,0,60,1,61,2
"2023-10-13","BPN","Sepinggan",7757,7621,136,6335,6154,181,63,2,59,2
"2023-10-14","BPN","Sepinggan",6160,6160,0,6607,6607,0,53,1,55,1
"2023-10-15","BPN","Sepinggan",7015,6887,128,7641,7464,177,61,3,63,2
"2023-10-16","BPN","Sepinggan",6511,6330,181,7571,7463,108,65,1,64,4
"2023-10-17","BPN","Sepinggan",6138,6138,0,6899,6899,0,56,1,55,1
"2023-10-18","BPN","Sepinggan",7552,7259,293,7421,7249,172,62,3,63,4
"2023-10-19","BPN","Sepinggan",6972,6972,0,6450,6450,0,62,1,63,1
"2023-10-20","BPN","Sepinggan",7548,7374,174,6794,6637,157,66,2,64,4
"2023-10-21","BPN","Sepinggan",5861,5858,3,6148,6148,0,52,2,51,2
"2023-10-22","BPN","Sepinggan",6330,6150,180,7668,7494,174,60,2,63,2
"2023-10-23","BPN","Sepinggan",6489,6311,178,7517,7394,123,66,1,64,3
"2023-10-24","BPN","Sepinggan",6252,6252,0,6253,6253,0,54,1,55,2
"2023-10-25","BPN","Sepinggan",7732,7437,295,7491,7269,222,64,3,62,2
"2023-10-26","BPN","Sepinggan",8761,8761,0,7314,7313,1,58,2,61,2
"2023-10-27","BPN","Sepinggan",7112,6958,154,7174,6995,179,63,2,60,2
"2023-10-28","BPN","Sepinggan",6580,6580,0,7750,7750,0,58,1,56,1
"2023-10-29","BPN","Sepinggan",6464,6290,174,6712,6544,168,52,2,53,1
"2023-10-30","BPN","Sepinggan",6836,6684,152,7966,7827,139,67,1,65,3
"2023-10-31","BPN","Sepinggan",5838,5838,0,6717,6717,0,66,1,62,2
"2023-11-01","BPN","Sepinggan",7150,6858,292,7230,6964,266,60,3,59,3
"2023-11-02","BPN","Sepinggan",7761,7761,0,6976,6976,0,63,1,61,2
"2023-11-03","BPN","Sepinggan",7879,7714,165,6496,6322,174,68,2,64,2
"2023-11-04","BPN","Sepinggan",6460,6460,0,6389,6389,0,60,1,65,3
"2023-11-05","BPN","Sepinggan",6511,6338,173,7494,7339,155,55,2,56,2
"2023-11-06","BPN","Sepinggan",6768,6596,172,7950,7778,172,64,1,64,2
"2023-11-07","BPN","Sepinggan",6174,6174,0,6377,6377,0,52,1,52,2
"2023-11-08","BPN","Sepinggan",7385,7061,324,7191,7000,191,55,3,54,2
"2023-11-09","BPN","Sepinggan",7617,7617,0,6713,6713,0,55,1,57,0
"2023-11-10","BPN","Sepinggan",7663,7523,140,7226,7057,169,64,2,62,2
"2023-11-11","BPN","Sepinggan",5738,5738,0,6523,6523,0,54,2,53,1
"2023-11-12","BPN","Sepinggan",6566,6452,114,7972,7787,185,58,2,61,2
"2023-11-13","BPN","Sepinggan",6759,6589,170,7947,7813,134,63,1,67,2
"2023-11-14","BPN","Sepinggan",6053,6053,0,5956,5956,0,59,1,61,0
"2023-11-15","BPN","Sepinggan",7879,7601,278,7733,7450,283,64,3,64,3
"2023-11-16","BPN","Sepinggan",7720,7720,0,7321,7321,0,64,0,64,0
"2023-11-17","BPN","Sepinggan",7295,7148,147,7119,6949,170,61,2,61,1
"2023-11-18","BPN","Sepinggan",6194,6194,0,7087,7078,9,67,2,65,2
"2023-11-19","BPN","Sepinggan",6960,6802,158,8346,8169,177,67,2,69,3
"2023-11-20","BPN","Sepinggan",7232,7051,181,8481,8350,131,77,1,79,2
"2023-11-21","BPN","Sepinggan",5863,5863,0,5957,5957,0,57,1,57,1
"2023-11-22","BPN","Sepinggan",7305,7011,294,7168,6938,230,58,3,55,4
"2023-11-23","BPN","Sepinggan",7102,7102,0,6876,6876,0,60,1,60,1
"2023-11-24","BPN","Sepinggan",7741,7603,138,6904,6729,175,67,2,64,2
"2023-11-25","BPN","Sepinggan",6451,6451,0,7681,7681,0,60,1,58,1
"2023-11-26","BPN","Sepinggan",7418,7304,114,8166,8008,158,66,2,69,2
"2023-11-27","BPN","Sepinggan",7552,7393,159,8489,8372,117,68,1,68,2
"2023-11-28","BPN","Sepinggan",6072,6072,0,6517,6517,0,62,1,64,1
"2023-11-29","BPN","Sepinggan",6937,6693,244,6777,6550,227,65,3,65,3
"2023-11-30","BPN","Sepinggan",7517,7517,0,6697,6697,0,62,1,65,1
"2023-12-01","BPN","Sepinggan",6909,6764,145,6999,6821,178,63,2,61,2
"2023-12-02","BPN","Sepinggan",5450,5450,0,5915,5915,0,58,1,64,1
"2023-12-03","BPN","Sepinggan",6313,6313,0,6850,6850,0,52,1,58,1
"2023-12-04","BPN","Sepinggan",6038,5867,171,7399,7240,159,60,1,58,1
"2023-12-05","BPN","Sepinggan",5936,5936,0,5879,5879,0,54,1,52,3
"2023-12-06","BPN","Sepinggan",7623,7348,275,7275,7039,236,58,3,60,2
"2023-12-07","BPN","Sepinggan",7175,7175,0,6443,6443,0,56,1,56,0
"2023-12-08","BPN","Sepinggan",7720,7558,162,6699,6519,180,62,3,62,2
"2023-12-09","BPN","Sepinggan",6607,6607,0,6952,6952,0,57,1,53,2
"2023-12-10","BPN","Sepinggan",7938,7777,161,7694,7529,165,55,2,60,2
"2023-12-11","BPN","Sepinggan",6936,6758,178,7220,7171,49,59,1,60,1
"2023-12-12","BPN","Sepinggan",5660,5636,24,5614,5614,0,45,6,44,6
"2023-12-13","BPN","Sepinggan",8060,7897,163,6865,6778,87,59,2,58,2
"2023-12-14","BPN","Sepinggan",7359,7359,0,6941,6941,0,60,2,62,1
"2023-12-15","BPN","Sepinggan",8187,8028,159,7054,6897,157,67,2,61,2
"2023-12-16","BPN","Sepinggan",7762,7762,0,7224,7224,0,65,1,67,2
"2023-12-17","BPN","Sepinggan",8262,8089,173,7801,7668,133,63,2,65,2
"2023-12-18","BPN","Sepinggan",0,0,0,0,0,0,34,2,33,2
"2023-12-19","BPN","Sepinggan",5734,5734,0,5129,5129,0,70,1,67,3
"2023-12-20","BPN","Sepinggan",9320,8985,335,7604,7359,245,77,3,73,5
"2023-12-21","BPN","Sepinggan",8716,8709,7,7009,7009,0,70,2,69,4
"2023-12-22","BPN","Sepinggan",9375,9375,0,6935,6928,7,72,3,72,3
"2023-12-23","BPN","Sepinggan",9599,9597,2,7782,7777,5,73,3,70,5
"2023-12-24","BPN","Sepinggan",7570,7397,173,6059,5916,143,57,3,59,2
"2023-12-25","BPN","Sepinggan",6668,6475,193,5808,5710,98,50,2,49,4
"2023-12-26","BPN","Sepinggan",6838,6838,0,6597,6597,0,55,0,54,2
"2023-12-27","BPN","Sepinggan",6459,6156,303,6494,6233,261,57,3,59,3
"2023-12-28","BPN","Sepinggan",6077,6077,0,6155,6155,0,62,1,62,1
"2023-12-29","BPN","Sepinggan",6135,5972,163,5723,5560,163,55,2,53,2
"2023-12-30","BPN","Sepinggan",5928,5928,0,5895,5887,8,64,3,61,2
"2023-12-31","BPN","Sepinggan",4530,4379,151,5203,5086,117,44,1,46,1
"2024-01-01","BPN","Sepinggan",4960,4793,167,6568,6461,107,50,1,51,1
"2024-01-02","BPN","Sepinggan",6053,6045,8,7939,7939,0,66,2,64,4
"2024-01-03","BPN","Sepinggan",5984,5682,302,8187,7833,354,61,3,58,4
"2024-01-04","BPN","Sepinggan",5564,5564,0,6920,6920,0,59,1,61,1
"2024-01-05","BPN","Sepinggan",5748,5598,150,4320,4146,174,73,2,71,2
"2024-01-06","BPN","Sepinggan",4131,4131,0,5777,5777,0,59,0,59,1
"2024-01-07","BPN","Sepinggan",6108,5982,126,8328,8173,155,62,2,63,1
"2024-01-08","BPN","Sepinggan",4564,4382,182,5939,5791,148,65,4,65,5
"2024-01-09","BPN","Sepinggan",3909,3909,0,3226,3226,0,43,1,42,1
"2024-01-10","BPN","Sepinggan",6243,5916,327,7221,6930,291,59,4,58,4
"2024-01-11","BPN","Sepinggan",5746,5743,3,6572,6568,4,54,2,52,3
"2024-01-12","BPN","Sepinggan",6227,6076,151,4431,4261,170,63,3,62,1
"2024-01-13","BPN","Sepinggan",5137,5137,0,3461,3461,0,54,1,49,2
"2024-01-14","BPN","Sepinggan",5501,5347,154,6732,6553,179,60,2,66,3
"2024-01-15","BPN","Sepinggan",5917,5744,173,7205,7042,163,67,1,67,1
"2024-01-16","BPN","Sepinggan",0,0,0,0,0,0,58,1,55,2
"2024-01-17","BPN","Sepinggan",4594,4241,353,3275,3147,128,45,3,40,2
"2024-01-18","BPN","Sepinggan",6036,6032,4,6273,6263,10,54,5,57,3
"2024-01-19","BPN","Sepinggan",6853,6678,175,6027,5854,173,63,3,63,2
"2024-01-20","BPN","Sepinggan",5675,5659,16,3447,3447,0,57,1,53,5
"2024-01-21","BPN","Sepinggan",5230,5066,164,2928,2928,0,45,2,48,1
"2024-01-22","BPN","Sepinggan",5676,5494,182,5795,5785,10,57,3,56,5
"2024-01-23","BPN","Sepinggan",5390,5388,2,5671,5671,0,58,2,57,3
"2024-01-24","BPN","Sepinggan",6608,6259,349,4051,4046,5,62,4,64,3
"2024-01-26","BPN","Sepinggan",5882,5728,154,5595,5419,176,62,2,59,2
"2024-01-27","BPN","Sepinggan",5184,5184,0,3959,3959,0,54,1,51,2
"2024-01-28","BPN","Sepinggan",6497,6328,169,4114,4114,0,55,4,56,2
"2024-01-29","BPN","Sepinggan",5602,5408,194,3193,3193,0,57,2,58,5
"2024-01-30","BPN","Sepinggan",4813,4813,0,5449,5449,0,56,1,54,2
"2024-01-31","BPN","Sepinggan",6585,6251,334,3844,3844,0,60,3,59,3
"2024-02-01","BPN","Sepinggan",5489,5489,0,2478,2478,0,55,3,56,3
"2024-02-02","BPN","Sepinggan",6299,6294,5,3200,3025,175,59,1,59,2
"2024-02-03","BPN","Sepinggan",3902,3902,0,1944,1944,0,56,1,53,2
"2024-02-04","BPN","Sepinggan",6883,6722,161,3750,3750,0,57,2,59,1
"2024-02-05","BPN","Sepinggan",6504,6399,105,3545,3544,1,65,2,64,6
"2024-02-06","BPN","Sepinggan",0,0,0,0,0,0,17,1,14,0
"2024-02-07","BPN","Sepinggan",4286,4123,163,2109,1789,320,69,4,67,4
"2024-02-08","BPN","Sepinggan",7941,7941,0,3109,3109,0,60,1,63,1
"2024-02-09","BPN","Sepinggan",0,0,0,0,0,0,35,2,35,0
"2024-02-10","BPN","Sepinggan",3753,3753,0,2558,2558,0,45,1,44,1
"2024-02-11","BPN","Sepinggan",4919,4919,0,5735,5735,0,55,1,56,2
"2024-02-12","BPN","Sepinggan",5270,5133,137,7209,7054,155,63,1,65,1
"2024-02-13","BPN","Sepinggan",0,0,0,0,0,0,42,2,38,2
"2024-02-14","BPN","Sepinggan",4277,3989,288,2058,2058,0,44,5,46,3
"2024-02-15","BPN","Sepinggan",5582,5579,3,5114,5110,4,45,2,51,1
"2024-02-16","BPN","Sepinggan",6134,5989,145,3022,2842,180,58,3,58,1
"2024-02-17","BPN","Sepinggan",2844,2844,0,3479,3479,0,47,1,46,2
"2024-02-18","BPN","Sepinggan",6977,6801,176,3533,3533,0,60,2,59,1
"2024-02-19","BPN","Sepinggan",6548,6381,167,6816,6716,100,61,2,63,3
"2024-02-20","BPN","Sepinggan",6068,6068,0,5607,5607,0,59,2,55,3
"2024-02-21","BPN","Sepinggan",6441,6126,315,5599,5382,217,53,3,53,2
"2024-02-22","BPN","Sepinggan",6951,6933,18,2570,2548,22,58,3,60,3
"2024-02-23","BPN","Sepinggan",7408,7248,160,6586,6408,178,62,4,62,3
"2024-02-24","BPN","Sepinggan",6441,6441,0,3545,3545,0,60,2,56,1
"2024-02-25","BPN","Sepinggan",7254,7086,168,3995,3995,0,64,2,63,1
"2024-02-26","BPN","Sepinggan",6946,6784,162,3599,3599,0,60,2,58,4
"2024-02-27","BPN","Sepinggan",6159,6159,0,6148,6146,2,57,2,60,3
"2024-02-28","BPN","Sepinggan",7507,7191,316,7522,7288,234,59,3,59,3
"2024-02-29","BPN","Sepinggan",7637,7637,0,2770,2770,0,66,2,64,2
"2024-03-01","BPN","Sepinggan",4238,4235,3,4448,4289,159,66,2,67,4
"2024-03-06","BPN","Sepinggan",8068,7731,337,7839,7523,316,59,4,57,6
"2024-03-07","BPN","Sepinggan",7617,7617,0,7446,7446,0,57,2,61,1
"2024-03-08","BPN","Sepinggan",8268,8092,176,7940,7764,176,63,2,60,1
"2024-03-09","BPN","Sepinggan",7138,7138,0,6657,6657,0,57,1,57,1
"2024-03-10","BPN","Sepinggan",5921,5753,168,6775,6602,173,55,2,57,1
"2024-03-11","BPN","Sepinggan",4586,4422,164,5221,5045,176,45,1,45,3
"2024-03-12","BPN","Sepinggan",5092,5092,0,5853,5853,0,49,1,49,2
"2024-03-13","BPN","Sepinggan",4332,4332,0,4296,4296,0,52,2,47,1
"2024-03-14","BPN","Sepinggan",4361,4355,6,5123,5090,33,43,5,47,3
"2024-03-15","BPN","Sepinggan",4864,4709,155,4742,4559,183,91,4,84,5
"2024-03-16","BPN","Sepinggan",5298,5298,0,5761,5761,0,83,2,83,2
"2024-03-17","BPN","Sepinggan",4433,4433,0,4610,4610,0,88,2,85,2
"2024-03-18","BPN","Sepinggan",4141,3988,153,4443,4330,113,88,4,89,3
"2024-03-19","BPN","Sepinggan",4817,4817,0,4348,4348,0,83,3,87,2
"2024-03-20","BPN","Sepinggan",6470,6342,128,5689,5594,95,87,3,85,5
"2024-03-21","BPN","Sepinggan",4608,4608,0,3504,3504,0,85,3,83,2
"2024-03-24","BPN","Sepinggan",5031,5024,7,4834,4816,18,79,4,79,4
"2024-03-25","BPN","Sepinggan",5251,5121,130,5271,5128,143,63,4,61,4
"2024-03-26","BPN","Sepinggan",4920,4920,0,4344,4330,14,55,2,53,2
"2024-03-27","BPN","Sepinggan",6587,6442,145,5269,5166,103,61,2,59,3
"2024-03-28","BPN","Sepinggan",6887,6887,0,4698,4698,0,57,2,59,1
"2024-03-29","BPN","Sepinggan",6708,6611,97,5626,5454,172,70,3,66,1
"2024-03-30","BPN","Sepinggan",6732,6732,0,4943,4943,0,57,0,57,0
"2024-03-31","BPN","Sepinggan",7420,7294,126,5522,5423,99,62,2,63,2
"2024-04-01","BPN","Sepinggan",8625,8495,130,5537,5478,59,74,2,74,3
"2024-04-02","BPN","Sepinggan",10456,10456,0,4944,4944,0,76,1,76,2
"2024-04-03","BPN","Sepinggan",11935,11615,320,5008,4834,174,84,3,83,3
"2024-04-04","BPN","Sepinggan",12658,12646,12,5386,5386,0,89,1,88,2
"2024-04-05","BPN","Sepinggan",13869,13537,332,6748,6552,196,94,4,93,2
"2024-04-06","BPN","Sepinggan",13608,13608,0,8087,8087,0,97,0,95,0
"2024-04-07","BPN","Sepinggan",13542,13366,176,6362,6248,114,84,2,88,1
"2024-04-08","BPN","Sepinggan",13823,13658,165,5498,5363,135,94,2,95,3
"2024-04-09","BPN","Sepinggan",12143,12143,0,4233,4233,0,83,1,85,0
"2024-04-10","BPN","Sepinggan",7464,7134,330,2932,2762,170,50,2,48,2
"2024-04-11","BPN","Sepinggan",5652,5652,0,3059,3059,0,42,0,45,0
"2024-04-12","BPN","Sepinggan",7118,6808,310,5438,5107,331,52,3,50,2
"2024-04-13","BPN","Sepinggan",6533,6533,0,6785,6785,0,52,1,53,1
"2024-04-14","BPN","Sepinggan",9460,9309,151,10768,10690,78,72,2,75,1
"2024-04-15","BPN","Sepinggan",10564,10390,174,12414,12231,183,84,3,84,3
"2024-04-16","BPN","Sepinggan",8951,8951,0,11584,11584,0,77,0,77,1
"2024-04-17","BPN","Sepinggan",8303,8044,259,10568,10216,352,72,3,67,3
"2024-04-18","BPN","Sepinggan",7667,7667,0,10015,10015,0,71,1,73,2
"2024-04-19","BPN","Sepinggan",7867,7667,200,10015,9673,342,73,3,70,2
"2024-04-20","BPN","Sepinggan",8986,8986,0,11172,11172,0,74,0,74,2
"2024-04-21","BPN","Sepinggan",9329,9179,150,12175,11995,180,82,3,84,1
"2024-04-22","BPN","Sepinggan",7476,7303,173,10301,10136,165,79,1,75,3
"2024-04-23","BPN","Sepinggan",6516,6500,16,9906,9903,3,73,2,72,4
"2024-04-24","BPN","Sepinggan",7510,7193,317,11029,10682,347,81,4,76,4
"2024-04-25","BPN","Sepinggan",6504,6504,0,9662,9662,0,75,1,78,1
"2024-04-26","BPN","Sepinggan",6921,6921,0,9696,9696,0,76,1,73,1
"2024-04-27","BPN","Sepinggan",6925,6818,107,9830,9653,177,74,2,74,1
"2024-04-28","BPN","Sepinggan",7211,7049,162,10425,10252,173,71,2,72,2
"2024-04-29","BPN","Sepinggan",6042,5903,139,10514,10370,144,77,1,75,3
"2024-04-30","BPN","Sepinggan",6824,6824,0,9615,9615,0,71,1,73,0
"2024-05-01","BPN","Sepinggan",7481,7313,168,10037,9867,170,75,1,73,2
"2024-05-02","BPN","Sepinggan",6243,6243,0,8902,8902,0,69,1,70,1
"2024-05-03","BPN","Sepinggan",6806,6541,265,9896,9725,171,76,4,72,3
"2024-05-04","BPN","Sepinggan",6079,6079,0,9135,9135,0,67,1,65,0
"2024-05-05","BPN","Sepinggan",7114,6964,150,10244,10095,149,72,2,72,2
"2024-05-06","BPN","Sepinggan",6918,6779,139,9707,9546,161,71,1,70,3
"2024-05-07","BPN","Sepinggan",6371,6371,0,8070,8070,0,69,3,67,3
"2024-05-08","BPN","Sepinggan",8333,8011,322,9882,9617,265,79,3,80,3
"2024-05-09","BPN","Sepinggan",7649,7649,0,8589,8582,7,71,2,72,1
"2024-05-10","BPN","Sepinggan",5935,5617,318,7768,7532,236,63,3,62,5
"2024-05-11","BPN","Sepinggan",5512,5512,0,7064,7064,0,58,1,58,0
"2024-05-12","BPN","Sepinggan",7406,7229,177,9158,8981,177,63,2,66,2
"2024-05-13","BPN","Sepinggan",6639,6489,150,8963,8804,159,66,1,68,2
"2024-05-14","BPN","Sepinggan",6110,6110,0,7615,7607,8,58,3,56,1
"2024-05-15","BPN","Sepinggan",7591,7276,315,8484,8192,292,68,3,68,4
"2024-05-16","BPN","Sepinggan",7293,7293,0,7579,7579,0,66,2,69,3
"2024-05-17","BPN","Sepinggan",7809,7267,542,8618,8069,549,75,4,71,4
"2024-05-18","BPN","Sepinggan",6812,6812,0,7185,7185,0,68,2,66,0
"2024-05-19","BPN","Sepinggan",6472,6320,152,8502,8322,180,64,2,66,2
"2024-05-20","BPN","Sepinggan",7340,6859,481,7960,7836,124,64,2,64,4
"2024-05-21","BPN","Sepinggan",5838,5838,0,6617,6617,0,61,3,59,2
"2024-05-22","BPN","Sepinggan",8335,7984,351,6910,6674,236,69,4,67,3
"2024-05-23","BPN","Sepinggan",7643,7323,320,6780,6780,0,61,0,61,3
"2024-05-24","BPN","Sepinggan",5961,5763,198,6886,6598,288,60,5,59,2
"2024-05-25","BPN","Sepinggan",5485,5161,324,5944,5944,0,53,1,51,1
"2024-05-26","BPN","Sepinggan",7210,6780,430,9147,8974,173,69,3,70,5
"2024-05-27","BPN","Sepinggan",6593,6119,474,7933,7767,166,68,2,69,4
"2024-05-28","BPN","Sepinggan",5252,5252,0,7468,7468,0,67,1,63,2
"2024-05-29","BPN","Sepinggan",5872,5337,535,6372,6096,276,57,6,65,7
"2024-05-30","BPN","Sepinggan",6861,6540,321,6985,6985,0,61,2,64,3
"2024-05-31","BPN","Sepinggan",7348,7125,223,6557,6344,213,69,3,63,4
"2024-06-01","BPN","Sepinggan",6567,6246,321,6581,6581,0,60,1,58,2
"2024-06-02","BPN","Sepinggan",6583,6145,438,8011,7865,146,65,4,63,5
"2024-06-03","BPN","Sepinggan",6145,6069,76,8653,8577,76,76,2,72,3
"2024-06-04","BPN","Sepinggan",6290,5967,323,7102,7102,0,67,1,69,1
"2024-06-05","BPN","Sepinggan",8590,7987,603,7123,6868,255,70,2,68,7
"2024-06-06","BPN","Sepinggan",9284,9284,0,6460,6460,0,76,2,85,2
"2024-06-07","BPN","Sepinggan",9039,8909,130,6594,6508,86,71,3,68,1
"2024-06-08","BPN","Sepinggan",7837,7837,0,6386,6386,0,67,3,67,1
"2024-06-09","BPN","Sepinggan",8313,8136,177,7314,7160,154,62,2,63,3
"2024-06-10","BPN","Sepinggan",8078,7928,150,7830,7724,106,72,2,72,2
"2024-06-11","BPN","Sepinggan",7071,7071,0,6854,6854,0,57,1,57,3
"2024-06-12","BPN","Sepinggan",8493,8172,321,7680,7456,224,71,3,68,3
"2024-06-13","BPN","Sepinggan",8095,8095,0,6794,6794,0,62,2,64,2
"2024-06-14","BPN","Sepinggan",10207,9861,346,7767,7480,287,80,3,77,5
"2024-06-15","BPN","Sepinggan",9389,9389,0,7196,7196,0,75,1,73,0
"2024-06-16","BPN","Sepinggan",9041,8865,176,5867,5753,114,66,2,69,2
"2024-06-17","BPN","Sepinggan",5820,5660,160,4095,4045,50,48,3,51,2
"2024-06-18","BPN","Sepinggan",6921,6921,0,6374,6374,0,66,1,68,2
"2024-06-19","BPN","Sepinggan",8334,7986,348,8329,8027,302,74,3,75,3
"2024-06-20","BPN","Sepinggan",7915,7915,0,7509,7505,4,70,2,73,1
"2024-06-21","BPN","Sepinggan",8474,8298,176,7339,7195,144,73,2,70,1
"2024-06-22","BPN","Sepinggan",7772,7772,0,8220,8220,0,69,1,67,0
"2024-06-23","BPN","Sepinggan",8721,8538,183,9239,9095,144,73,3,73,4
"2024-06-24","BPN","Sepinggan",8708,8545,163,9435,9304,131,74,2,75,2
"2024-06-25","BPN","Sepinggan",7760,7760,0,8793,8469,324,67,3,71,2
"2024-06-26","BPN","Sepinggan",9377,9053,324,9755,9101,654,75,4,73,3
"2024-06-27","BPN","Sepinggan",8656,8656,0,8629,8629,0,70,1,72,3
"2024-06-28","BPN","Sepinggan",9222,8877,345,9866,9206,660,77,5,75,4
"2024-06-29","BPN","Sepinggan",7992,7992,0,8894,8573,321,75,2,75,0
"2024-06-30","BPN","Sepinggan",9073,8898,175,9941,9762,179,72,2,78,4
"2024-07-01","BPN","Sepinggan",7859,7700,159,9704,9223,481,71,3,71,3
"2024-07-02","BPN","Sepinggan",8369,8369,0,9132,8811,321,72,2,72,2
"2024-07-03","BPN","Sepinggan",9057,8729,328,9662,9316,346,75,3,74,3
"2024-07-04","BPN","Sepinggan",8377,8377,0,9510,9189,321,73,2,78,3
"2024-07-05","BPN","Sepinggan",9329,9025,304,9651,9310,341,81,4,77,3
"2024-07-06","BPN","Sepinggan",8191,8191,0,9131,8807,324,72,2,72,2
"2024-07-07","BPN","Sepinggan",8058,7885,173,9921,9751,170,72,2,74,4
"2024-07-08","BPN","Sepinggan",8044,7912,132,10612,10117,495,77,3,82,1
"2024-07-09","BPN","Sepinggan",7680,7680,0,9425,9425,0,76,1,76,3
"2024-07-10","BPN","Sepinggan",8878,8589,289,10346,9673,673,85,5,83,6
"2024-07-11","BPN","Sepinggan",8465,8465,0,10188,9868,320,88,2,91,3
"2024-07-12","BPN","Sepinggan",8666,8410,256,9574,9228,346,82,4,80,4
"2024-07-13","BPN","Sepinggan",7785,7785,0,10427,10103,324,82,2,81,1
"2024-07-14","BPN","Sepinggan",8015,7837,178,10611,10116,495,77,3,80,4
"2024-07-15","BPN","Sepinggan",7298,7156,142,10445,9951,494,85,3,82,3
"2024-07-16","BPN","Sepinggan",6803,6803,0,8488,8488,0,73,1,74,3
"2024-07-17","BPN","Sepinggan",3683,3557,126,3236,3091,145,66,3,73,3
"2024-07-18","BPN","Sepinggan",6738,6738,0,7899,7578,321,109,3,103,4
"2024-07-19","BPN","Sepinggan",8762,8456,306,7965,7720,245,76,3,77,3
"2024-07-20","BPN","Sepinggan",7132,7129,3,8473,8150,323,68,3,69,3
"2024-07-21","BPN","Sepinggan",7513,7381,132,8757,8601,156,72,2,75,3
"2024-07-22","BPN","Sepinggan",7016,6874,142,8298,8204,94,75,1,78,3
"2024-07-23","BPN","Sepinggan",6588,6588,0,6928,6928,0,69,0,69,2
"2024-07-24","BPN","Sepinggan",7721,7441,280,8209,7938,271,72,3,70,3
"2024-07-25","BPN","Sepinggan",6961,6961,0,7761,7761,0,71,1,75,3
"2024-07-26","BPN","Sepinggan",7462,7165,297,8096,7836,260,73,3,73,3
"2024-07-27","BPN","Sepinggan",6835,6835,0,7196,7196,0,66,1,67,0
"2024-07-28","BPN","Sepinggan",7326,7146,180,7585,7457,128,74,2,69,2
"2024-07-29","BPN","Sepinggan",6861,6727,134,7289,7201,88,66,1,68,2
"2024-07-30","BPN","Sepinggan",6093,6093,0,6337,6337,0,63,1,63,2
"2024-07-31","BPN","Sepinggan",7790,7472,318,7307,7064,243,66,2,68,2
